TIMESTAMP_START,TA (deg C),TS (deg C),year
2005-11-29,8.846153846153847,10.896538461538462,2005
2005-11-30,3.420833333333334,7.787291666666668,2005
2005-12-01,3.087234042553192,6.634042553191491,2005
2005-12-02,1.3478260869565215,5.833043478260869,2005
2005-12-03,1.2020833333333334,5.608958333333334,2005
2005-12-04,6.406250000000003,8.278333333333334,2005
2005-12-05,1.9312500000000001,6.750624999999999,2005
2005-12-06,0.17708333333333334,4.574583333333334,2005
2005-12-07,2.0384615384615383,4.645128205128204,2005
2005-12-08,,,2005
2005-12-09,0.4000000000000002,4.445263157894736,2005
2005-12-10,1.464583333333333,3.736666666666665,2005
2005-12-11,2.733333333333333,4.653333333333335,2005
2005-12-12,3.5666666666666664,5.837291666666666,2005
2005-12-13,1.8291666666666668,5.083333333333333,2005
2005-12-14,2.3937500000000003,5.1279166666666685,2005
2005-12-15,2.6958333333333333,5.359999999999999,2005
2005-12-16,1.7937500000000002,4.321875,2005
2005-12-17,3.3729166666666663,5.222083333333333,2005
2005-12-18,6.1937500000000005,6.037291666666667,2005
2005-12-19,0.07499999999999997,4.467708333333332,2005
2005-12-20,-2.5291666666666663,2.524166666666667,2005
2005-12-21,-1.11875,2.3120833333333333,2005
2005-12-22,1.6375000000000002,3.0068749999999995,2005
2005-12-23,3.908333333333333,3.8402083333333334,2005
2005-12-24,5.614583333333333,5.366666666666667,2005
2005-12-25,5.329166666666668,6.791875,2005
2005-12-26,2.197916666666666,5.679999999999999,2005
2005-12-27,5.739583333333332,6.093958333333336,2005
2005-12-28,10.825020833333332,8.527500000000002,2005
2005-12-29,3.3666666666666667,6.875624999999999,2005
2005-12-30,3.389583333333333,6.33125,2005
2005-12-31,7.156250000000001,6.797083333333333,2005
2006-01-01,8.8125,7.235000000000002,2006
2006-01-02,13.00625,10.474166666666667,2006
2006-01-03,8.064583333333333,9.388333333333334,2006
2006-01-04,8.281250000000002,8.373125,2006
2006-01-05,4.668749999999999,7.454166666666668,2006
2006-01-06,0.766666666666667,5.3012500000000005,2006
2006-01-07,1.4729166666666664,4.503124999999999,2006
2006-01-08,8.67708333333333,6.552916666666669,2006
2006-01-09,14.99583333333333,11.251875000000004,2006
2006-01-10,13.539583333333333,11.310625,2006
2006-01-11,11.658333333333333,10.877083333333331,2006
2006-01-12,10.716666666666669,9.118750000000002,2006
2006-01-13,8.706249999999999,8.842083333333333,2006
2006-01-14,0.09583333333333334,5.141875000000001,2006
2006-01-15,2.5020833333333337,5.197291666666666,2006
2006-01-16,7.952083333333334,7.502083333333331,2006
2006-01-17,10.589583333333334,10.084999999999996,2006
2006-01-18,2.354166666666667,5.736458333333332,2006
2006-01-19,8.406249999999998,6.921666666666667,2006
2006-01-20,10.793749999999998,8.485416666666667,2006
2006-01-21,9.9,9.974166666666665,2006
2006-01-22,7.643750000000001,8.493125000000001,2006
2006-01-23,9.29375,10.034999999999998,2006
2006-01-24,7.51875,8.504999999999997,2006
2006-01-25,3.6229166666666663,6.004999999999999,2006
2006-01-26,2.3375,5.064375,2006
2006-01-27,5.649999999999999,5.93875,2006
2006-01-28,9.641666666666667,7.923958333333334,2006
2006-01-29,13.795875,10.907291666666671,2006
2006-01-30,9.13125,8.967291666666668,2006
2006-01-31,3.7874999999999996,6.932916666666666,2006
2006-02-01,5.0166666666666675,6.283125000000001,2006
2006-02-02,8.791666666666666,7.946458333333333,2006
2006-02-03,11.662499999999996,10.618749999999999,2006
2006-02-04,2.800000000000001,7.007499999999999,2006
2006-02-05,-0.6208333333333332,4.256666666666666,2006
2006-02-06,1.691666666666667,4.762708333333334,2006
2006-02-07,2.264583333333334,4.416458333333334,2006
2006-02-08,1.6958333333333335,4.52,2006
2006-02-09,-0.01041666666666665,4.712916666666667,2006
2006-02-10,1.858333333333334,4.26875,2006
2006-02-11,0.38125000000000003,3.7645833333333325,2006
2006-02-12,-1.2249999999999999,3.4331250000000004,2006
2006-02-13,-2.06875,2.7362500000000005,2006
2006-02-14,4.647916666666666,4.184583333333335,2006
2006-02-15,10.368749999999999,7.074791666666665,2006
2006-02-16,15.1,10.098333333333331,2006
2006-02-17,8.339583333333332,10.101041666666667,2006
2006-02-18,-1.710416666666667,4.775208333333334,2006
2006-02-19,-4.220833333333332,3.886249999999999,2006
2006-02-20,1.3729166666666666,5.187083333333332,2006
2006-02-21,5.587499999999999,7.079791666666666,2006
2006-02-22,7.616666666666668,7.873958333333331,2006
2006-02-23,9.197916666666666,9.15416666666667,2006
2006-02-24,9.581249999999999,8.361875,2006
2006-02-25,10.75,8.530208333333336,2006
2006-02-26,1.5583333333333333,6.099791666666667,2006
2006-02-27,4.489583333333334,5.455625,2006
2006-02-28,12.38960416666667,9.302916666666667,2006
2006-03-01,13.823076923076918,10.800384615384615,2006
2006-03-02,16.18960416666667,12.69752083333333,2006
2006-03-03,4.620833333333333,8.801875,2006
2006-03-04,4.714583333333333,7.640625,2006
2006-03-05,7.002083333333334,7.895624999999998,2006
2006-03-06,7.056250000000001,8.643958333333332,2006
2006-03-07,5.704166666666666,7.945416666666667,2006
2006-03-08,11.597916666666668,9.04875,2006
2006-03-09,15.356270833333333,11.774791666666667,2006
2006-03-10,15.950000000000001,12.970854166666662,2006
2006-03-11,19.141666666666662,14.019374999999998,2006
2006-03-12,21.37708333333333,16.32895833333333,2006
2006-03-13,19.19375,16.024375000000003,2006
2006-03-14,8.55625,11.883333333333333,2006
2006-03-15,9.1,10.333333333333334,2006
2006-03-16,9.627272727272725,9.754545454545456,2006
2006-03-17,10.324999999999998,11.890833333333331,2006
2006-03-18,6.9291666666666645,10.28375,2006
2006-03-19,6.079166666666667,8.886666666666668,2006
2006-03-20,3.7458333333333367,6.743333333333336,2006
2006-03-21,5.266666666666666,8.080416666666666,2006
2006-03-22,2.0458333333333334,7.741458333333333,2006
2006-03-23,4.874999999999999,7.445624999999997,2006
2006-03-24,3.1666666666666656,7.186666666666667,2006
2006-03-25,2.4625,6.638333333333332,2006
2006-03-26,4.597916666666667,6.859791666666666,2006
2006-03-27,8.152083333333332,8.489999999999998,2006
2006-03-28,13.42085416666667,10.89583333333333,2006
2006-03-29,13.718750000000002,11.932916666666666,2006
2006-03-30,17.720833333333328,13.46875,2006
2006-03-31,17.114625,14.097291666666669,2006
2006-04-01,19.083354166666663,15.839166666666669,2006
2006-04-02,18.391687500000003,14.963125,2006
2006-04-03,13.93125,14.404374999999995,2006
2006-04-04,10.995833333333332,12.118750000000004,2006
2006-04-05,14.127083333333339,12.545208333333335,2006
2006-04-06,14.1229375,12.283124999999997,2006
2006-04-07,18.914604166666663,15.196916666666667,2006
2006-04-08,11.82710416666667,14.888333333333335,2006
2006-04-09,9.497916666666667,11.986041666666665,2006
2006-04-10,15.102083333333338,13.153770833333333,2006
2006-04-11,18.149999999999995,13.847291666666665,2006
2006-04-12,18.954166666666666,15.008541666666666,2006
2006-04-13,20.5854375,16.444583333333338,2006
2006-04-14,23.027083333333337,17.909999999999993,2006
2006-04-15,23.39791666666667,18.47252083333333,2006
2006-04-16,22.45625,18.65106249999999,2006
2006-04-17,21.977083333333336,18.774812499999992,2006
2006-04-18,19.974999999999998,18.056083333333333,2006
2006-04-19,20.40208333333333,18.50210416666667,2006
2006-04-20,17.577083333333334,17.254375000000007,2006
2006-04-21,16.695874999999994,17.000833333333336,2006
2006-04-22,18.409756097560976,17.519292682926828,2006
2006-04-23,20.05002083333333,17.37127083333333,2006
2006-04-24,21.174999999999997,18.258750000000003,2006
2006-04-25,20.281250000000004,18.778958333333332,2006
2006-04-26,14.831270833333335,16.547333333333338,2006
2006-04-27,14.84166666666667,15.550833333333332,2006
2006-04-28,16.958333333333332,15.775458333333331,2006
2006-04-29,16.18545833333334,15.555854166666663,2006
2006-04-30,14.668791666666662,14.989375,2006
2006-05-01,15.881250000000003,15.249812499999997,2006
2006-05-02,15.708354166666666,15.65689583333333,2006
2006-05-03,19.827104166666665,17.08270833333333,2006
2006-05-04,20.10833333333334,17.901062500000002,2006
2006-05-05,17.027125,17.37958333333333,2006
2006-05-06,16.974999999999998,16.54020833333333,2006
2006-05-07,14.77710416666667,16.050687500000002,2006
2006-05-08,16.195833333333333,16.32939583333333,2006
2006-05-09,16.70210416666667,16.53772916666667,2006
2006-05-10,17.745874999999998,17.211729166666668,2006
2006-05-11,14.720833333333337,15.801916666666664,2006
2006-05-12,13.135437500000002,13.816041666666665,2006
2006-05-13,16.54377083333333,14.840270833333328,2006
2006-05-14,12.791666666666666,14.15770833333334,2006
2006-05-15,10.472916666666668,12.903541666666664,2006
2006-05-16,12.339583333333335,13.405,2006
2006-05-17,13.931249999999999,14.293958333333334,2006
2006-05-18,14.858354166666665,14.68729166666666,2006
2006-05-19,15.116729166666666,14.626041666666664,2006
2006-05-20,18.825,17.1741875,2006
2006-05-21,19.768750000000004,18.230625,2006
2006-05-22,18.16464583333333,17.614375,2006
2006-05-23,18.9666875,17.14129166666667,2006
2006-05-24,20.618749999999995,17.340416666666663,2006
2006-05-25,21.875,18.94354166666667,2006
2006-05-26,23.802083333333332,20.300833333333333,2006
2006-05-27,25.48958333333333,21.34104166666667,2006
2006-05-28,24.895833333333343,21.406875,2006
2006-05-29,25.537499999999994,21.747708333333332,2006
2006-05-30,26.520833333333332,22.378541666666667,2006
2006-05-31,24.918749999999992,22.24416666666666,2006
2006-06-01,22.089583333333334,21.039583333333333,2006
2006-06-02,20.568749999999994,20.46958333333333,2006
2006-06-03,20.543750000000006,19.61354166666667,2006
2006-06-04,19.46877083333334,19.300833333333333,2006
2006-06-05,18.5375,18.42145833333333,2006
2006-06-06,20.760437500000005,18.57895833333333,2006
2006-06-07,21.464583333333334,19.027708333333333,2006
2006-06-08,22.699999999999992,20.08208333333333,2006
2006-06-09,23.10416666666666,20.444791666666667,2006
2006-06-10,25.895833333333332,21.82479166666667,2006
2006-06-11,26.802083333333325,22.692291666666673,2006
2006-06-12,21.80208333333333,21.339583333333334,2006
2006-06-13,21.422916666666676,20.481666666666666,2006
2006-06-14,22.63333333333334,20.925624999999997,2006
2006-06-15,23.183333333333334,21.02395833333333,2006
2006-06-16,24.325,21.56354166666667,2006
2006-06-17,25.42291666666667,22.50520833333333,2006
2006-06-18,24.814583333333335,22.60229166666667,2006
2006-06-19,23.745833333333334,22.12291666666667,2006
2006-06-20,25.439583333333335,22.775416666666658,2006
2006-06-21,24.939583333333342,22.65375,2006
2006-06-22,28.081270833333324,24.030208333333345,2006
2006-06-23,23.914583333333326,23.14979166666667,2006
2006-06-24,22.131249999999998,21.755416666666665,2006
2006-06-25,21.858333333333334,21.706041666666664,2006
2006-06-26,20.537499999999998,20.86791666666667,2006
2006-06-27,22.81041666666667,21.538333333333338,2006
2006-06-28,23.735416666666662,21.53270833333333,2006
2006-06-29,23.97291666666666,21.457291666666666,2006
2006-06-30,23.525000000000006,21.421041666666667,2006
2006-07-01,24.393749999999986,22.15437499999999,2006
2006-07-02,27.320854166666674,23.266458333333343,2006
2006-07-03,27.91458333333333,23.92770833333333,2006
2006-07-04,26.11458333333333,23.862291666666668,2006
2006-07-05,23.047916666666662,22.65687500000001,2006
2006-07-06,21.222916666666663,21.385416666666668,2006
2006-07-07,21.29791666666666,20.278125000000003,2006
2006-07-08,22.797916666666666,20.866875,2006
2006-07-09,22.52916666666667,21.388749999999998,2006
2006-07-10,23.216666666666672,22.005208333333332,2006
2006-07-11,24.108333333333334,22.254791666666673,2006
2006-07-12,27.325000000000003,23.85291666666667,2006
2006-07-13,26.38541666666666,23.915833333333328,2006
2006-07-14,24.952083333333338,23.685,2006
2006-07-15,25.629166666666666,24.009583333333342,2006
2006-07-16,27.083333333333318,24.35604166666667,2006
2006-07-17,28.222958333333338,24.333541666666665,2006
2006-07-18,28.92295833333334,24.543333333333333,2006
2006-07-19,29.100020833333335,25.18375,2006
2006-07-20,28.164604166666663,24.73625,2006
2006-07-21,25.764583333333338,24.39833333333334,2006
2006-07-22,22.066666666666666,22.434375000000003,2006
2006-07-23,23.583333333333332,22.345625,2006
2006-07-24,25.168750000000003,22.592916666666667,2006
2006-07-25,25.55208333333333,23.322916666666668,2006
2006-07-26,26.20208333333333,23.874166666666667,2006
2006-07-27,26.612499999999997,23.866458333333327,2006
2006-07-28,24.65625,23.293125000000003,2006
2006-07-29,23.210416666666664,22.828333333333337,2006
2006-07-30,25.7625,24.047500000000003,2006
2006-07-31,27.73333333333333,24.875625,2006
2006-08-01,28.883375,25.625833333333336,2006
2006-08-02,28.25208333333333,25.852500000000003,2006
2006-08-03,28.67087499999999,25.791250000000005,2006
2006-08-04,25.78125,24.899999999999995,2006
2006-08-05,25.75208333333333,25.008958333333336,2006
2006-08-06,26.710416666666674,25.171875,2006
2006-08-07,28.308375,25.646458333333328,2006
2006-08-08,27.120833333333334,25.60541666666666,2006
2006-08-09,26.683333333333337,25.369583333333328,2006
2006-08-10,27.397916666666664,26.083749999999984,2006
2006-08-11,22.76249999999999,23.371458333333337,2006
2006-08-12,23.600000000000005,23.78854166666667,2006
2006-08-13,23.31041666666667,23.028125,2006
2006-08-14,25.433333333333337,23.659166666666675,2006
2006-08-15,23.98958333333333,23.861666666666668,2006
2006-08-16,25.525000000000006,24.221875,2006
2006-08-17,27.11458333333333,24.66020833333333,2006
2006-08-18,25.820833333333326,24.45604166666666,2006
2006-08-19,25.10208333333333,24.211041666666663,2006
2006-08-20,22.727083333333336,23.152083333333334,2006
2006-08-21,24.160416666666666,23.834583333333338,2006
2006-08-22,25.060416666666665,24.405416666666667,2006
2006-08-23,23.9875,23.090208333333337,2006
2006-08-24,25.685416666666672,23.260625,2006
2006-08-25,26.233333333333338,24.096249999999998,2006
2006-08-26,26.649999999999988,24.463124999999994,2006
2006-08-27,27.049999999999986,24.85145833333334,2006
2006-08-28,25.690476190476197,24.645,2006
2006-08-29,,,2006
2006-08-30,,,2006
2006-08-31,22.543999999999997,23.5124,2006
2006-09-01,21.424999999999997,22.582083333333333,2006
2006-09-02,20.552083333333332,21.81041666666667,2006
2006-09-03,20.043770833333337,21.329791666666665,2006
2006-09-04,20.660416666666663,21.586874999999996,2006
2006-09-05,20.041666666666668,21.280624999999997,2006
2006-09-06,20.172937499999996,20.935624999999998,2006
2006-09-07,21.691666666666663,21.09145833333334,2006
2006-09-08,22.525000000000006,21.620833333333334,2006
2006-09-09,22.664583333333336,21.83,2006
2006-09-10,22.985416666666666,22.182291666666668,2006
2006-09-11,22.756249999999998,22.30083333333334,2006
2006-09-12,20.312500000000004,21.04458333333333,2006
2006-09-13,18.63333333333333,19.995625,2006
2006-09-14,17.66877083333333,18.958541666666665,2006
2006-09-15,19.81877083333333,19.744791666666664,2006
2006-09-16,21.42504166666666,20.421458333333323,2006
2006-09-17,21.818749999999998,20.67041666666666,2006
2006-09-18,21.837500000000002,21.141875000000002,2006
2006-09-19,19.145833333333332,19.688541666666666,2006
2006-09-20,14.060437499999999,16.6341875,2006
2006-09-21,14.897916666666665,16.038124999999997,2006
2006-09-22,18.666666666666668,18.22895833333333,2006
2006-09-23,19.841666666666672,19.99,2006
2006-09-24,18.84583333333333,19.65395833333334,2006
2006-09-25,17.081249999999994,18.079166666666662,2006
2006-09-26,17.091687500000003,17.60960416666667,2006
2006-09-27,17.70208333333333,17.647104166666665,2006
2006-09-28,15.777104166666668,17.029375000000005,2006
2006-09-29,12.677104166666666,15.640208333333335,2006
2006-09-30,,,2006
2006-10-01,,,2006
2006-10-02,,,2006
2006-10-03,,,2006
2006-10-04,,,2006
2006-10-05,,,2006
2006-10-06,,,2006
2006-10-07,,,2006
2006-10-08,,,2006
2006-10-09,,,2006
2006-10-10,,,2006
2006-10-11,,,2006
2006-10-12,9.906250000000002,13.415624999999993,2006
2006-10-13,7.347916666666666,10.312083333333334,2006
2006-10-14,9.852083333333336,10.61375,2006
2006-10-15,11.120833333333335,11.025208333333333,2006
2006-10-16,10.191666666666668,11.665,2006
2006-10-17,15.677083333333334,14.128749999999998,2006
2006-10-18,19.327083333333334,16.975854166666664,2006
2006-10-19,16.7355,16.5669375,2006
2006-10-20,8.091666666666667,12.365000000000004,2006
2006-10-21,9.9375,11.302291666666664,2006
2006-10-22,11.231250000000003,12.337083333333334,2006
2006-10-23,4.622916666666668,8.764166666666668,2006
2006-10-24,4.229166666666668,7.864791666666665,2006
2006-10-25,7.095833333333334,8.387083333333335,2006
2006-10-26,11.733333333333333,10.846041666666666,2006
2006-10-27,11.295833333333333,11.537916666666668,2006
2006-10-28,10.291666666666666,10.731041666666664,2006
2006-10-29,12.716687499999999,10.726249999999999,2006
2006-10-30,15.929187499999998,12.871875000000003,2006
2006-10-31,16.110416666666666,13.578333333333335,2006
2006-11-01,13.950000000000005,14.191458333333332,2006
2006-11-02,6.195833333333334,10.754166666666665,2006
2006-11-03,4.352083333333334,8.58375,2006
2006-11-04,6.610416666666667,8.637500000000001,2006
2006-11-05,9.170833333333333,9.635416666666668,2006
2006-11-06,12.060437499999997,10.709375000000001,2006
2006-11-07,11.85,11.921666666666667,2006
2006-11-08,11.981250000000001,12.466874999999996,2006
2006-11-09,14.781250000000002,12.871041666666661,2006
2006-11-10,17.399999999999995,13.97708333333334,2006
2006-11-11,10.506270833333334,12.528125000000001,2006
2006-11-12,5.270833333333334,10.457708333333331,2006
2006-11-13,6.956249999999998,9.872708333333335,2006
2006-11-14,9.683333333333335,10.578541666666665,2006
2006-11-15,9.852083333333335,11.04875,2006
2006-11-16,8.164583333333335,10.376666666666667,2006
2006-11-17,6.1187499999999995,9.364791666666667,2006
2006-11-18,8.19375,9.761249999999999,2006
2006-11-19,5.085416666666668,9.026041666666666,2006
2006-11-20,2.3437499999999996,7.918333333333334,2006
2006-11-21,3.4250000000000003,7.2785416666666665,2006
2006-11-22,7.808333333333334,8.259166666666665,2006
2006-11-23,10.368770833333333,8.862708333333332,2006
2006-11-24,12.906249999999998,9.787291666666667,2006
2006-11-25,14.1791875,10.488541666666665,2006
2006-11-26,14.270833333333336,10.647916666666669,2006
2006-11-27,13.410416666666665,10.64,2006
2006-11-28,14.439624999999994,11.659166666666666,2006
2006-11-29,17.23125,13.349791666666668,2006
2006-11-30,18.020854166666666,14.325000000000003,2006
2006-12-01,9.366666666666669,11.884166666666665,2006
2006-12-02,3.1104166666666675,8.421875,2006
2006-12-03,4.404166666666666,8.328958333333333,2006
2006-12-04,-2.2312500000000006,5.5354166666666655,2006
2006-12-05,2.7479166666666663,5.753541666666666,2006
2006-12-06,6.602083333333333,6.766041666666664,2006
2006-12-07,0.3854166666666665,5.438958333333335,2006
2006-12-08,-5.352083333333333,3.058125,2006
2006-12-09,0.20416666666666697,3.5845833333333332,2006
2006-12-10,4.483333333333333,4.92625,2006
2006-12-11,9.685416666666669,6.949166666666668,2006
2006-12-12,11.666708333333332,8.766249999999998,2006
2006-12-13,12.35002083333333,10.244374999999998,2006
2006-12-14,10.78125,9.627291666666665,2006
2006-12-15,11.631270833333334,9.583124999999999,2006
2006-12-16,13.12920833333333,9.798124999999997,2006
2006-12-17,14.685437500000004,10.315833333333332,2006
2006-12-18,15.172916666666667,10.820208333333333,2006
2006-12-19,11.862499999999999,10.931458333333333,2006
2006-12-20,10.497916666666667,10.061458333333333,2006
2006-12-21,11.429166666666667,10.682083333333336,2006
2006-12-22,12.441666666666668,11.488541666666672,2006
2006-12-23,9.508333333333331,10.332500000000001,2006
2006-12-24,7.927083333333332,9.043750000000001,2006
2006-12-25,9.05625,9.857916666666666,2006
2006-12-26,3.5083333333333346,7.68395833333333,2006
2006-12-27,3.61875,6.860000000000003,2006
2006-12-28,6.756250000000001,7.108333333333337,2006
2006-12-29,8.852083333333331,7.879583333333333,2006
2006-12-30,10.087499999999999,8.137500000000001,2006
2006-12-31,12.6,10.49,2006
2007-01-01,6.893750000000001,10.83041666666667,2007
2007-01-02,4.668750000000001,8.906666666666668,2007
2007-01-03,6.656249999999999,7.887083333333336,2007
2007-01-04,9.615625000000001,7.2603124999999995,2007
2007-01-05,13.222222222222225,10.571111111111112,2007
2007-01-06,,,2007
2007-01-07,9.911111111111111,10.555555555555554,2007
2007-01-08,,,2007
2007-01-09,3.5666666666666664,6.419999999999999,2007
2007-01-10,1.78125,5.377291666666667,2007
2007-01-11,5.354166666666667,5.923541666666665,2007
2007-01-12,10.252083333333331,8.26708333333333,2007
2007-01-13,14.482266666666666,10.588444444444443,2007
2007-01-14,16.877083333333335,12.317916666666667,2007
2007-01-15,13.891694444444445,12.263333333333334,2007
2007-01-16,0.6520833333333336,7.657083333333333,2007
2007-01-17,-0.7645833333333334,5.878541666666666,2007
2007-01-18,1.2374999999999998,5.990416666666665,2007
2007-01-19,2.5083333333333333,5.772291666666665,2007
2007-01-20,1.9583333333333333,5.474374999999998,2007
2007-01-21,2.8833333333333333,5.8825,2007
2007-01-22,4.710416666666666,6.659583333333334,2007
2007-01-23,0.43750000000000017,4.992916666666667,2007
2007-01-24,2.2833333333333337,5.0233333333333325,2007
2007-01-25,0.7041666666666666,4.539583333333333,2007
2007-01-26,1.0166666666666666,3.918333333333333,2007
2007-01-27,6.970833333333331,5.464791666666667,2007
2007-01-28,-2.0229166666666667,3.9908333333333346,2007
2007-01-29,-5.666666666666669,1.5139583333333333,2007
2007-01-30,0.15208333333333326,2.710000000000001,2007
2007-01-31,-4.8895833333333325,1.761041666666667,2007
2007-02-01,-0.8375000000000002,3.1879166666666663,2007
2007-02-02,-0.5750000000000001,3.309791666666667,2007
2007-02-03,-1.5270833333333338,1.7795833333333333,2007
2007-02-04,-2.2979166666666666,1.8262500000000006,2007
2007-02-05,-5.685416666666666,0.7760416666666666,2007
2007-02-06,-1.293750000000001,1.43625,2007
2007-02-07,3.579166666666668,4.425208333333332,2007
2007-02-08,-0.43125000000000013,3.4739583333333326,2007
2007-02-09,-2.770833333333334,2.4435416666666665,2007
2007-02-10,-2.4583333333333326,2.204166666666666,2007
2007-02-11,1.633333333333333,2.784583333333334,2007
2007-02-12,6.726666666666665,4.932222222222222,2007
2007-02-13,8.98936170212766,6.506382978723402,2007
2007-02-14,-2.3895833333333334,4.537708333333334,2007
2007-02-15,-4.745833333333334,2.7852083333333337,2007
2007-02-16,-4.256250000000001,1.949166666666667,2007
2007-02-17,-1.985416666666666,1.78,2007
2007-02-18,-3.493749999999999,1.7247916666666667,2007
2007-02-19,3.2895833333333333,3.075416666666667,2007
2007-02-20,10.027083333333334,6.035,2007
2007-02-21,14.695833333333333,9.170416666666666,2007
2007-02-22,11.356250000000003,8.476041666666669,2007
2007-02-23,5.666666666666668,6.803750000000002,2007
2007-02-24,8.300000000000002,6.726041666666668,2007
2007-02-25,12.262520833333333,9.196041666666668,2007
2007-02-26,7.818749999999997,7.792916666666664,2007
2007-02-27,10.054166666666665,8.31375,2007
2007-02-28,11.883354166666662,8.585625000000002,2007
2007-03-01,12.08333333333333,8.991458333333332,2007
2007-03-02,9.222916666666666,8.067291666666666,2007
2007-03-03,7.635416666666664,6.956041666666667,2007
2007-03-04,-0.22500000000000023,5.027499999999999,2007
2007-03-05,6.333333333333335,6.002916666666667,2007
2007-03-06,8.902083333333332,7.651666666666666,2007
2007-03-07,13.245833333333337,8.904166666666669,2007
2007-03-08,13.445833333333335,9.891875,2007
2007-03-09,15.020833333333334,10.784791666666665,2007
2007-03-10,13.43125,10.864583333333336,2007
2007-03-11,13.908333333333331,11.427916666666667,2007
2007-03-12,14.98958333333333,10.940416666666664,2007
2007-03-13,18.927083333333332,12.66895833333333,2007
2007-03-14,20.452083333333334,14.411458333333329,2007
2007-03-15,16.00631250000001,13.44020833333334,2007
2007-03-16,6.1520833333333345,10.448125,2007
2007-03-17,2.9729166666666664,7.978125000000001,2007
2007-03-18,4.208333333333333,7.693958333333335,2007
2007-03-19,10.877083333333333,8.946041666666664,2007
2007-03-20,15.275020833333338,11.739375,2007
2007-03-21,16.770833333333332,13.549166666666666,2007
2007-03-22,18.793749999999992,14.629583333333334,2007
2007-03-23,19.920854166666665,15.185270833333332,2007
2007-03-24,22.077083333333334,15.996270833333334,2007
2007-03-25,23.733333333333338,16.93708333333333,2007
2007-03-26,23.208333333333332,17.39458333333334,2007
2007-03-27,22.272916666666664,17.583541666666665,2007
2007-03-28,19.74166666666667,16.748791666666666,2007
2007-03-29,19.529166666666672,16.9991875,2007
2007-03-30,16.23333333333333,16.064624999999996,2007
2007-03-31,18.435416666666665,16.025229166666666,2007
2007-04-01,17.999999999999996,16.38345833333334,2007
2007-04-02,20.27295833333333,17.396916666666666,2007
2007-04-03,20.466666666666665,17.415041666666664,2007
2007-04-04,11.612500000000002,14.6460625,2007
2007-04-05,4.095833333333334,10.852916666666665,2007
2007-04-06,2.4562500000000003,9.108541666666667,2007
2007-04-07,-0.9229166666666667,6.78,2007
2007-04-08,2.1645833333333333,7.413124999999998,2007
2007-04-09,6.229166666666664,8.858958333333332,2007
2007-04-10,10.13541666666667,10.055416666666666,2007
2007-04-11,12.11875,11.206666666666663,2007
2007-04-12,11.57291666666667,11.409166666666666,2007
2007-04-13,8.258333333333335,10.296666666666667,2007
2007-04-14,9.795833333333336,10.587916666666667,2007
2007-04-15,6.264583333333333,9.377708333333334,2007
2007-04-16,11.066666666666665,9.689375,2007
2007-04-17,15.91666666666667,11.890833333333333,2007
2007-04-18,16.19172916666666,13.124166666666662,2007
2007-04-19,12.674999999999999,12.379583333333331,2007
2007-04-20,13.933333333333335,12.99189583333334,2007
2007-04-21,18.59583333333333,14.50233333333333,2007
2007-04-22,20.279166666666665,15.700833333333327,2007
2007-04-23,20.575,15.985270833333333,2007
2007-04-24,20.672916666666662,16.966479166666666,2007
2007-04-25,21.5,17.63050000000001,2007
2007-04-26,18.762500000000006,16.673833333333338,2007
2007-04-27,15.720833333333337,15.357604166666667,2007
2007-04-28,15.181249999999999,14.2335625,2007
2007-04-29,20.445854166666667,15.819812499999998,2007
2007-04-30,23.514583333333334,17.388333333333332,2007
2007-05-01,24.79583333333333,18.70358333333333,2007
2007-05-02,24.150000000000002,19.02666666666666,2007
2007-05-03,20.81458333333334,18.484999999999996,2007
2007-05-04,20.25416666666667,18.32916666666667,2007
2007-05-05,17.185479166666664,17.15520833333333,2007
2007-05-06,20.53958333333334,18.391041666666663,2007
2007-05-07,17.98541666666666,16.973770833333326,2007
2007-05-08,20.516666666666666,16.95835416666667,2007
2007-05-09,22.6375,18.319395833333335,2007
2007-05-10,24.066666666666674,19.607291666666665,2007
2007-05-11,23.016666666666662,19.772500000000004,2007
2007-05-12,22.010416666666668,19.370208333333334,2007
2007-05-13,21.233333333333334,18.924791666666668,2007
2007-05-14,20.7813125,18.247083333333332,2007
2007-05-15,21.25,18.640416666666667,2007
2007-05-16,17.977083333333336,17.695874999999997,2007
2007-05-17,15.204166666666666,15.58858333333334,2007
2007-05-18,12.950000000000001,14.588749999999997,2007
2007-05-19,15.964583333333332,14.793375000000005,2007
2007-05-20,19.839604166666664,15.959187500000006,2007
2007-05-21,21.83125,16.849416666666666,2007
2007-05-22,23.297937500000003,17.73025,2007
2007-05-23,23.61666666666667,18.726875,2007
2007-05-24,22.96875,18.846249999999998,2007
2007-05-25,23.654166666666665,19.0975,2007
2007-05-26,24.845833333333328,19.69875,2007
2007-05-27,24.6375,20.023750000000003,2007
2007-05-28,24.585416666666674,20.114166666666666,2007
2007-05-29,24.600000000000005,20.04708333333333,2007
2007-05-30,25.30208333333333,20.161458333333332,2007
2007-05-31,25.10416666666666,20.14208333333333,2007
2007-06-01,23.245833333333326,20.371875000000003,2007
2007-06-02,21.84375,19.772708333333334,2007
2007-06-03,21.662500000000005,19.813541666666666,2007
2007-06-04,21.410416666666663,19.316666666666666,2007
2007-06-05,21.783333333333335,19.061666666666664,2007
2007-06-06,23.25833333333333,19.39916666666666,2007
2007-06-07,25.943749999999998,20.487708333333334,2007
2007-06-08,23.441666666666666,21.040416666666676,2007
2007-06-09,22.839583333333334,20.585625,2007
2007-06-10,24.05208333333333,20.58520833333333,2007
2007-06-11,22.093749999999996,19.673958333333328,2007
2007-06-12,23.40833333333333,19.80708333333333,2007
2007-06-13,,,2007
2007-06-14,,,2007
2007-06-15,,,2007
2007-06-16,,,2007
2007-06-17,,,2007
2007-06-18,,,2007
2007-06-19,,,2007
2007-06-20,,,2007
2007-06-21,,,2007
2007-06-22,,,2007
2007-06-23,,,2007
2007-06-24,,,2007
2007-06-25,,,2007
2007-06-26,,,2007
2007-06-27,,,2007
2007-06-28,,,2007
2007-06-29,,,2007
2007-06-30,,,2007
2007-07-01,,,2007
2007-07-02,,,2007
2007-07-03,,,2007
2007-07-04,,,2007
2007-07-05,,,2007
2007-07-06,,,2007
2007-07-07,,,2007
2007-07-08,,,2007
2007-07-09,,,2007
2007-07-10,,,2007
2007-07-11,,,2007
2007-07-12,,,2007
2007-07-13,,,2007
2007-07-14,,,2007
2007-07-15,,,2007
2007-07-16,,,2007
2007-07-17,,,2007
2007-07-18,,,2007
2007-07-19,,,2007
2007-07-20,,,2007
2007-07-21,,,2007
2007-07-22,,,2007
2007-07-23,,,2007
2007-07-24,,,2007
2007-07-25,,,2007
2007-07-26,,,2007
2007-07-27,,,2007
2007-07-28,,,2007
2007-07-29,,,2007
2007-07-30,,,2007
2007-07-31,,,2007
2007-08-01,,,2007
2007-08-02,,,2007
2007-08-03,,,2007
2007-08-04,,,2007
2007-08-05,,,2007
2007-08-06,,,2007
2007-08-07,,,2007
2007-08-08,,,2007
2007-08-09,,,2007
2007-08-10,,,2007
2007-08-11,,,2007
2007-08-12,,,2007
2007-08-13,,,2007
2007-08-14,,,2007
2007-08-15,,,2007
2007-08-16,,,2007
2007-08-17,,,2007
2007-08-18,,,2007
2007-08-19,,,2007
2007-08-20,,,2007
2007-08-21,,,2007
2007-08-22,,,2007
2007-08-23,,,2007
2007-08-24,,,2007
2007-08-25,,,2007
2007-08-26,,,2007
2007-08-27,,,2007
2007-08-28,,,2007
2007-08-29,28.55004166666667,25.683750000000003,2007
2007-08-30,24.008333333333336,23.515,2007
2007-08-31,25.237499999999997,23.41,2007
2007-09-01,24.995833333333326,23.039375000000007,2007
2007-09-02,25.60416666666667,23.32541666666666,2007
2007-09-03,26.158333333333328,23.41645833333334,2007
2007-09-04,28.045833333333338,23.860416666666662,2007
2007-09-05,28.02502083333333,23.760833333333334,2007
2007-09-06,26.804166666666664,23.884166666666673,2007
2007-09-07,26.83541666666667,24.126458333333336,2007
2007-09-08,27.358333333333334,24.08604166666667,2007
2007-09-09,26.05208333333334,23.793541666666666,2007
2007-09-10,25.14166666666667,23.351874999999996,2007
2007-09-11,21.837500000000006,22.000833333333336,2007
2007-09-12,21.600020833333335,20.637916666666666,2007
2007-09-13,22.827083333333338,20.638541666666665,2007
2007-09-14,20.437499999999993,20.864583333333332,2007
2007-09-15,18.066708333333334,19.271041666666658,2007
2007-09-16,18.652083333333334,18.06145833333333,2007
2007-09-17,21.306250000000002,19.36375,2007
2007-09-18,21.602104166666667,19.884375,2007
2007-09-19,22.21875,20.030208333333334,2007
2007-09-20,22.66874999999999,20.234374999999996,2007
2007-09-21,23.983333333333324,21.05416666666667,2007
2007-09-22,25.220833333333328,22.027708333333333,2007
2007-09-23,26.716666666666665,22.6575,2007
2007-09-24,27.50833333333333,23.148958333333336,2007
2007-09-25,27.050000000000008,23.247708333333335,2007
2007-09-26,25.589583333333334,22.778958333333332,2007
2007-09-27,22.62291666666667,21.613124999999997,2007
2007-09-28,21.3875,20.527916666666663,2007
2007-09-29,20.51252083333333,19.455833333333334,2007
2007-09-30,20.789604166666667,19.381249999999998,2007
2007-10-01,20.48333333333333,19.355208333333334,2007
2007-10-02,21.65416666666667,19.613333333333337,2007
2007-10-03,22.993750000000002,20.557708333333334,2007
2007-10-04,22.7625,21.44666666666667,2007
2007-10-05,24.393749999999997,21.71625,2007
2007-10-06,24.91666666666666,21.713541666666668,2007
2007-10-07,25.239583333333332,21.641041666666666,2007
2007-10-08,25.516666666666666,21.619583333333335,2007
2007-10-09,21.575,20.790624999999995,2007
2007-10-10,18.33129166666666,18.130208333333336,2007
2007-10-11,11.772916666666669,14.925437500000001,2007
2007-10-12,13.843749999999998,15.0541875,2007
2007-10-13,15.497916666666667,15.384812500000002,2007
2007-10-14,18.747937499999995,16.77166666666667,2007
2007-10-15,20.86458333333333,18.00022916666667,2007
2007-10-16,19.702083333333334,18.38416666666667,2007
2007-10-17,21.410416666666674,19.256875000000004,2007
2007-10-18,22.129166666666666,19.637499999999996,2007
2007-10-19,19.470854166666665,18.44583333333333,2007
2007-10-20,17.075,15.995916666666668,2007
2007-10-21,18.3375,15.88833333333333,2007
2007-10-22,17.2979375,16.36564583333333,2007
2007-10-23,19.7791875,18.710416666666664,2007
2007-10-24,15.53129166666667,16.988124999999993,2007
2007-10-25,14.800020833333335,15.686520833333333,2007
2007-10-26,14.875020833333332,15.200625,2007
2007-10-27,11.29166666666667,13.47166666666667,2007
2007-10-28,12.62083333333333,13.697916666666666,2007
2007-10-29,11.379208333333338,12.142083333333334,2007
2007-10-30,12.595833333333333,12.464583333333337,2007
2007-10-31,14.022222222222226,12.788333333333336,2007
2007-11-01,,,2007
2007-11-02,,,2007
2007-11-03,,,2007
2007-11-04,,,2007
2007-11-05,,,2007
2007-11-06,,,2007
2007-11-07,5.387179487179487,8.5774358974359,2007
2007-11-08,5.989583333333335,8.366458333333332,2007
2007-11-09,10.779166666666669,10.018749999999999,2007
2007-11-10,8.056249999999999,9.903958333333334,2007
2007-11-11,8.647916666666665,9.463125000000003,2007
2007-11-12,12.266666666666667,11.062916666666666,2007
2007-11-13,12.575020833333326,12.276250000000005,2007
2007-11-14,15.30625,14.286458333333334,2007
2007-11-15,5.312500000000001,10.192083333333334,2007
2007-11-16,4.066666666666667,8.485625,2007
2007-11-17,7.785416666666669,9.214583333333335,2007
2007-11-18,13.197937499999997,11.497708333333334,2007
2007-11-19,14.362520833333333,12.825625000000002,2007
2007-11-20,15.916666666666664,13.496458333333337,2007
2007-11-21,15.952083333333333,14.125,2007
2007-11-22,9.127104166666667,13.125208333333328,2007
2007-11-23,2.15625,9.556041666666669,2007
2007-11-24,3.604166666666666,8.756041666666667,2007
2007-11-25,6.683333333333334,9.906458333333333,2007
2007-11-26,9.662499999999998,10.563333333333333,2007
2007-11-27,7.618749999999998,10.390833333333331,2007
2007-11-28,7.904166666666666,9.507916666666668,2007
2007-11-29,8.987499999999995,9.8775,2007
2007-11-30,7.306250000000001,8.944583333333329,2007
2007-12-01,9.518749999999999,9.505,2007
2007-12-02,11.737520833333335,10.503749999999997,2007
2007-12-03,3.6104166666666675,9.295208333333335,2007
2007-12-04,2.3791666666666664,7.678124999999998,2007
2007-12-05,5.312500000000001,8.431249999999999,2007
2007-12-06,0.5604166666666668,6.862708333333334,2007
2007-12-07,4.560416666666666,7.608541666666665,2007
2007-12-08,10.737499999999999,9.748333333333331,2007
2007-12-09,14.054166666666672,11.579375,2007
2007-12-10,17.506249999999998,13.361458333333339,2007
2007-12-11,18.61041666666667,13.922708333333333,2007
2007-12-12,16.208354166666663,14.006041666666663,2007
2007-12-13,14.381249999999994,14.036666666666669,2007
2007-12-14,6.9312499999999995,11.19,2007
2007-12-15,6.802083333333333,10.250208333333335,2007
2007-12-16,1.4000000000000004,8.387916666666666,2007
2007-12-17,-0.2937500000000001,6.415833333333336,2007
2007-12-18,2.5520833333333335,6.6227083333333345,2007
2007-12-19,5.912499999999999,8.029791666666666,2007
2007-12-20,5.408333333333334,8.218125000000002,2007
2007-12-21,9.764583333333333,9.921249999999999,2007
2007-12-22,9.45833333333333,9.9025,2007
2007-12-23,7.537499999999998,9.886249999999999,2007
2007-12-24,3.38125,7.303958333333333,2007
2007-12-25,3.454166666666667,7.096458333333335,2007
2007-12-26,6.718750000000001,7.750208333333334,2007
2007-12-27,9.318750000000001,9.241875,2007
2007-12-28,7.962500000000002,8.525000000000002,2007
2007-12-29,8.435416666666667,9.060416666666667,2007
2007-12-30,6.045833333333333,8.460416666666665,2007
2007-12-31,4.75625,8.227708333333334,2007
2008-01-01,1.2312500000000006,6.643125,2008
2008-01-02,-7.466666666666668,3.338958333333333,2008
2008-01-03,-5.925000000000001,2.5697916666666667,2008
2008-01-04,0.15624999999999983,3.672708333333334,2008
2008-01-05,5.095833333333333,5.589583333333334,2008
2008-01-06,10.310416666666665,8.046458333333332,2008
2008-01-07,14.656250000000002,9.949166666666667,2008
2008-01-08,16.222937500000004,11.346875000000002,2008
2008-01-09,10.985437499999998,10.728333333333332,2008
2008-01-10,9.816666666666665,9.459374999999998,2008
2008-01-11,8.472916666666668,9.944791666666669,2008
2008-01-12,6.389583333333333,8.115000000000002,2008
2008-01-13,5.808333333333333,7.868750000000002,2008
2008-01-14,0.34375,6.325833333333333,2008
2008-01-15,-0.2624999999999997,5.306875000000001,2008
2008-01-16,0.4208333333333332,5.098958333333334,2008
2008-01-17,1.5791666666666666,5.654583333333334,2008
2008-01-18,3.9791666666666674,6.41,2008
2008-01-19,-0.31041666666666673,5.286875,2008
2008-01-20,-8.10416666666667,2.5037499999999997,2008
2008-01-21,-2.8333333333333335,2.299583333333333,2008
2008-01-22,0.5437500000000001,3.9572916666666678,2008
2008-01-23,1.8895833333333332,5.147916666666666,2008
2008-01-24,-2.24375,4.061875,2008
2008-01-25,-5.4937499999999995,2.2075,2008
2008-01-26,1.404166666666667,4.2872916666666665,2008
2008-01-27,3.4187499999999997,4.766041666666667,2008
2008-01-28,6.193749999999999,5.4452083333333325,2008
2008-01-29,10.797916666666671,7.44,2008
2008-01-30,-0.07291666666666677,5.386458333333334,2008
2008-01-31,2.01875,4.48125,2008
2008-02-01,2.5895833333333336,5.159166666666667,2008
2008-02-02,3.7541666666666664,4.840000000000001,2008
2008-02-03,7.597916666666666,6.246666666666666,2008
2008-02-04,8.358333333333333,7.573124999999997,2008
2008-02-05,15.972916666666672,10.704583333333334,2008
2008-02-06,15.387520833333332,11.941250000000002,2008
2008-02-07,4.897916666666668,8.140625000000002,2008
2008-02-08,8.04583333333333,8.10333333333333,2008
2008-02-09,8.541666666666666,7.819583333333337,2008
2008-02-10,4.822916666666666,6.7664583333333335,2008
2008-02-11,0.5874999999999995,5.207083333333331,2008
2008-02-12,10.558333333333332,7.383125,2008
2008-02-13,-1.3687500000000001,5.850208333333337,2008
2008-02-14,0.658333333333333,4.996666666666667,2008
2008-02-15,9.091666666666667,7.039583333333334,2008
2008-02-16,11.80002083333333,9.253124999999999,2008
2008-02-17,13.545833333333334,9.750208333333331,2008
2008-02-18,6.522916666666667,8.323125000000001,2008
2008-02-19,2.7562499999999996,5.810833333333334,2008
2008-02-20,5.716666666666669,6.567916666666669,2008
2008-02-21,1.9541666666666664,6.021874999999999,2008
2008-02-22,6.495833333333334,7.170208333333332,2008
2008-02-23,3.8770833333333345,7.205625,2008
2008-02-24,3.1833333333333336,6.3566666666666665,2008
2008-02-25,7.487500000000001,7.880416666666666,2008
2008-02-26,6.6291666666666655,7.922291666666665,2008
2008-02-27,-3.997916666666667,4.217916666666666,2008
2008-02-28,-0.16875000000000048,4.541875,2008
2008-02-29,3.7166666666666672,5.242500000000002,2008
2008-03-01,8.722916666666665,7.424375000000002,2008
2008-03-02,11.760437500000002,8.025208333333333,2008
2008-03-03,16.162499999999998,10.001875,2008
2008-03-04,13.068749999999996,11.499166666666666,2008
2008-03-05,2.5833333333333335,7.409791666666666,2008
2008-03-06,8.131270833333334,8.258333333333335,2008
2008-03-07,6.935416666666668,8.183125,2008
2008-03-08,-1.9395833333333339,5.100416666666667,2008
2008-03-09,2.1541666666666663,5.20125,2008
2008-03-10,8.570833333333335,7.310624999999998,2008
2008-03-11,7.764583333333333,7.787916666666667,2008
2008-03-12,11.764604166666665,8.657916666666667,2008
2008-03-13,15.731250000000001,10.396458333333333,2008
2008-03-14,11.775,9.833541666666665,2008
2008-03-15,9.841666666666667,9.770416666666668,2008
2008-03-16,9.2,9.859374999999998,2008
2008-03-17,10.589604166666666,9.884375000000004,2008
2008-03-18,14.343749999999998,10.920416666666666,2008
2008-03-19,14.708333333333329,12.427708333333328,2008
2008-03-20,7.549999999999998,9.986875000000003,2008
2008-03-21,12.333354166666666,10.604791666666667,2008
2008-03-22,11.472916666666665,10.841249999999997,2008
2008-03-23,3.633333333333333,8.500208333333337,2008
2008-03-24,1.9937500000000004,7.019583333333334,2008
2008-03-25,6.275000000000001,7.792083333333333,2008
2008-03-26,12.972958333333333,10.184374999999998,2008
2008-03-27,16.656249999999996,11.675625000000004,2008
2008-03-28,16.135437500000005,12.883333333333333,2008
2008-03-29,9.129166666666665,11.09625,2008
2008-03-30,12.012499999999996,11.79125,2008
2008-03-31,11.941666666666672,11.979791666666669,2008
2008-04-01,15.325020833333333,13.908749999999998,2008
2008-04-02,12.268770833333335,13.191895833333334,2008
2008-04-03,12.272916666666667,12.107916666666666,2008
2008-04-04,12.147916666666672,12.509375,2008
2008-04-05,11.481250000000005,12.445416666666668,2008
2008-04-06,14.514604166666667,13.7710625,2008
2008-04-07,17.783333333333335,14.901458333333336,2008
2008-04-08,17.787499999999998,15.643124999999996,2008
2008-04-09,17.53541666666667,15.324583333333337,2008
2008-04-10,20.435458333333333,16.167354166666666,2008
2008-04-11,20.818749999999994,16.765041666666665,2008
2008-04-12,14.347916666666668,14.733145833333333,2008
2008-04-13,5.608333333333334,10.720833333333337,2008
2008-04-14,5.008333333333334,9.758124999999996,2008
2008-04-15,9.333333333333334,10.958541666666669,2008
2008-04-16,14.206250000000002,12.052083333333336,2008
2008-04-17,17.931250000000002,13.592291666666668,2008
2008-04-18,19.354166666666668,14.68104166666667,2008
2008-04-19,14.739604166666668,14.225625,2008
2008-04-20,13.275000000000004,13.338333333333333,2008
2008-04-21,16.245833333333337,14.331729166666664,2008
2008-04-22,19.05625,15.475208333333333,2008
2008-04-23,20.868770833333333,16.41479166666667,2008
2008-04-24,21.879166666666663,17.12729166666666,2008
2008-04-25,21.972916666666666,17.498374999999996,2008
2008-04-26,19.427083333333336,17.0791875,2008
2008-04-27,15.270895833333332,15.27645833333333,2008
2008-04-28,12.41041666666667,14.455833333333336,2008
2008-04-29,7.372916666666668,11.647291666666662,2008
2008-04-30,12.85002083333333,12.585208333333332,2008
2008-05-01,19.468770833333334,14.620854166666668,2008
2008-05-02,21.335416666666664,15.898124999999995,2008
2008-05-03,18.09583333333333,15.821958333333335,2008
2008-05-04,15.177083333333336,14.834624999999997,2008
2008-05-05,17.737500000000008,15.11145833333333,2008
2008-05-06,19.689583333333335,15.74335416666667,2008
2008-05-07,21.431250000000002,16.71772916666667,2008
2008-05-08,19.876342105263163,16.858947368421056,2008
2008-05-09,19.282999999999998,16.986634146341462,2008
2008-05-10,19.000083333333333,16.942958333333333,2008
2008-05-11,14.931270833333334,15.246958333333337,2008
2008-05-12,14.056270833333336,14.123958333333333,2008
2008-05-13,16.764604166666665,14.936666666666666,2008
2008-05-14,16.33754166666667,15.098145833333335,2008
2008-05-15,16.47626190476191,15.709285714285722,2008
2008-05-16,13.697916666666666,15.011895833333329,2008
2008-05-17,14.399999999999997,14.285874999999997,2008
2008-05-18,15.793770833333333,14.901041666666666,2008
2008-05-19,18.01666666666667,15.500229166666664,2008
2008-05-20,21.020854166666663,16.882750000000005,2008
2008-05-21,16.427083333333332,15.465250000000003,2008
2008-05-22,19.045833333333338,16.005208333333336,2008
2008-05-23,21.55629166666667,17.180208333333333,2008
2008-05-24,20.972916666666663,17.893125000000005,2008
2008-05-25,21.104187500000002,17.407937499999992,2008
2008-05-26,20.385416666666668,18.087083333333332,2008
2008-05-27,21.302083333333332,18.870416666666667,2008
2008-05-28,20.366666666666664,19.065833333333334,2008
2008-05-29,20.406250000000004,18.674791666666668,2008
2008-05-30,21.866666666666664,19.291666666666668,2008
2008-05-31,24.514583333333338,20.536041666666666,2008
2008-06-01,19.785416666666666,19.08166666666667,2008
2008-06-02,22.33541666666667,19.446458333333336,2008
2008-06-03,24.16875,20.34375,2008
2008-06-04,25.81458333333333,21.24,2008
2008-06-05,26.795833333333324,21.762083333333337,2008
2008-06-06,27.64166666666667,22.215625,2008
2008-06-07,26.827083333333334,22.387500000000003,2008
2008-06-08,27.397916666666674,22.642916666666665,2008
2008-06-09,,,2008
2008-06-10,,,2008
2008-06-11,,,2008
2008-06-12,,,2008
2008-06-13,,,2008
2008-06-14,,,2008
2008-06-15,,,2008
2008-06-16,,,2008
2008-06-17,,,2008
2008-06-18,,,2008
2008-06-19,,,2008
2008-06-20,,,2008
2008-06-21,,,2008
2008-06-22,,,2008
2008-06-23,,,2008
2008-06-24,,,2008
2008-06-25,,,2008
2008-06-26,,,2008
2008-06-27,,,2008
2008-06-28,,,2008
2008-06-29,,,2008
2008-06-30,,,2008
2008-07-01,,,2008
2008-07-02,,,2008
2008-07-03,,,2008
2008-07-04,,,2008
2008-07-05,,,2008
2008-07-06,,,2008
2008-07-07,,,2008
2008-07-08,,,2008
2008-07-09,,,2008
2008-07-10,,,2008
2008-07-11,,,2008
2008-07-12,,,2008
2008-07-13,,,2008
2008-07-14,,,2008
2008-07-15,,,2008
2008-07-16,,,2008
2008-07-17,,,2008
2008-07-18,,,2008
2008-07-19,,,2008
2008-07-20,,,2008
2008-07-21,,,2008
2008-07-22,,,2008
2008-07-23,,,2008
2008-07-24,,,2008
2008-07-25,,,2008
2008-07-26,,,2008
2008-07-27,,,2008
2008-07-28,,,2008
2008-07-29,,,2008
2008-07-30,,,2008
2008-07-31,,,2008
2008-08-01,,,2008
2008-08-02,,,2008
2008-08-03,,,2008
2008-08-04,,,2008
2008-08-05,,,2008
2008-08-06,,,2008
2008-08-07,,,2008
2008-08-08,,,2008
2008-08-09,,,2008
2008-08-10,,,2008
2008-08-11,,,2008
2008-08-12,,,2008
2008-08-13,,,2008
2008-08-14,,,2008
2008-08-15,,,2008
2008-08-16,,,2008
2008-08-17,,,2008
2008-08-18,,,2008
2008-08-19,,,2008
2008-08-20,,,2008
2008-08-21,,,2008
2008-08-22,,,2008
2008-08-23,,,2008
2008-08-24,,,2008
2008-08-25,,,2008
2008-08-26,,,2008
2008-08-27,,,2008
2008-08-28,,,2008
2008-08-29,,,2008
2008-08-30,,,2008
2008-08-31,,,2008
2008-09-01,,,2008
2008-09-02,,,2008
2008-09-03,,,2008
2008-09-04,,,2008
2008-09-05,,,2008
2008-09-06,,,2008
2008-09-07,,,2008
2008-09-08,,,2008
2008-09-09,,,2008
2008-09-10,,,2008
2008-09-11,,,2008
2008-09-12,,,2008
2008-09-13,,,2008
2008-09-14,,,2008
2008-09-15,,,2008
2008-09-16,,,2008
2008-09-17,,,2008
2008-09-18,,,2008
2008-09-19,,,2008
2008-09-20,,,2008
2008-09-21,,,2008
2008-09-22,,,2008
2008-09-23,,,2008
2008-09-24,,,2008
2008-09-25,,,2008
2008-09-26,,,2008
2008-09-27,,,2008
2008-09-28,,,2008
2008-09-29,,,2008
2008-09-30,,,2008
2008-10-01,,,2008
2008-10-02,,,2008
2008-10-03,,,2008
2008-10-04,,,2008
2008-10-05,,,2008
2008-10-06,,,2008
2008-10-07,,,2008
2008-10-08,,,2008
2008-10-09,,,2008
2008-10-10,,,2008
2008-10-11,,,2008
2008-10-12,,,2008
2008-10-13,,,2008
2008-10-14,,,2008
2008-10-15,,,2008
2008-10-16,,,2008
2008-10-17,,,2008
2008-10-18,,,2008
2008-10-19,,,2008
2008-10-20,,,2008
2008-10-21,,,2008
2008-10-22,,,2008
2008-10-23,,,2008
2008-10-24,,,2008
2008-10-25,,,2008
2008-10-26,,,2008
2008-10-27,,,2008
2008-10-28,,,2008
2008-10-29,,,2008
2008-10-30,,,2008
2008-10-31,,,2008
2008-11-01,,,2008
2008-11-02,,,2008
2008-11-03,,,2008
2008-11-04,,,2008
2008-11-05,,,2008
2008-11-06,,,2008
2008-11-07,,,2008
2008-11-08,,,2008
2008-11-09,,,2008
2008-11-10,,,2008
2008-11-11,,,2008
2008-11-12,,,2008
2008-11-13,,,2008
2008-11-14,,,2008
2008-11-15,,,2008
2008-11-16,,,2008
2008-11-17,,,2008
2008-11-18,,,2008
2008-11-19,,,2008
2008-11-20,,,2008
2008-11-21,,,2008
2008-11-22,,,2008
2008-11-23,,,2008
2008-11-24,,,2008
2008-11-25,,,2008
2008-11-26,,,2008
2008-11-27,,,2008
2008-11-28,,,2008
2008-11-29,,,2008
2008-11-30,,,2008
2008-12-01,,,2008
2008-12-02,,,2008
2008-12-03,,,2008
2008-12-04,,,2008
2008-12-05,,,2008
2008-12-06,,,2008
2008-12-07,,,2008
2008-12-08,,,2008
2008-12-09,,,2008
2008-12-10,,,2008
2008-12-11,,,2008
2008-12-12,,,2008
2008-12-13,,,2008
2008-12-14,,,2008
2008-12-15,,,2008
2008-12-16,,,2008
2008-12-17,,,2008
2008-12-18,,,2008
2008-12-19,,,2008
2008-12-20,,,2008
2008-12-21,,,2008
2008-12-22,,,2008
2008-12-23,,,2008
2008-12-24,,,2008
2008-12-25,,,2008
2008-12-26,,,2008
2008-12-27,,,2008
2008-12-28,,,2008
2008-12-29,,,2008
2008-12-30,,,2008
2008-12-31,,,2008
2009-01-01,,,2009
2009-01-02,,,2009
2009-01-03,,,2009
2009-01-04,,,2009
2009-01-05,,,2009
2009-01-06,,,2009
2009-01-07,,,2009
2009-01-08,,,2009
2009-01-09,,,2009
2009-01-10,,,2009
2009-01-11,,,2009
2009-01-12,,,2009
2009-01-13,,,2009
2009-01-14,,,2009
2009-01-15,,,2009
2009-01-16,,,2009
2009-01-17,,,2009
2009-01-18,,,2009
2009-01-19,,,2009
2009-01-20,,,2009
2009-01-21,,,2009
2009-01-22,,,2009
2009-01-23,,,2009
2009-01-24,,,2009
2009-01-25,,,2009
2009-01-26,,,2009
2009-01-27,,,2009
2009-01-28,,,2009
2009-01-29,,,2009
2009-01-30,,,2009
2009-01-31,,,2009
2009-02-01,,,2009
2009-02-02,,,2009
2009-02-03,,,2009
2009-02-04,,,2009
2009-02-05,,,2009
2009-02-06,,,2009
2009-02-07,,,2009
2009-02-08,,,2009
2009-02-09,,,2009
2009-02-10,,,2009
2009-02-11,,,2009
2009-02-12,,,2009
2009-02-13,,,2009
2009-02-14,,,2009
2009-02-15,,,2009
2009-02-16,,,2009
2009-02-17,,,2009
2009-02-18,,,2009
2009-02-19,,,2009
2009-02-20,,,2009
2009-02-21,,,2009
2009-02-22,,,2009
2009-02-23,,,2009
2009-02-24,,,2009
2009-02-25,,,2009
2009-02-26,,,2009
2009-02-27,,,2009
2009-02-28,,,2009
2009-03-01,,,2009
2009-03-02,,,2009
2009-03-03,,,2009
2009-03-04,,,2009
2009-03-05,,,2009
2009-03-06,,,2009
2009-03-07,,,2009
2009-03-08,,,2009
2009-03-09,,,2009
2009-03-10,,,2009
2009-03-11,,,2009
2009-03-12,,,2009
2009-03-13,,,2009
2009-03-14,,,2009
2009-03-15,,,2009
2009-03-16,,,2009
2009-03-17,,,2009
2009-03-18,,,2009
2009-03-19,,,2009
2009-03-20,,,2009
2009-03-21,,,2009
2009-03-22,,,2009
2009-03-23,,,2009
2009-03-24,,,2009
2009-03-25,,,2009
2009-03-26,,,2009
2009-03-27,,,2009
2009-03-28,,,2009
2009-03-29,,,2009
2009-03-30,,,2009
2009-03-31,,,2009
2009-04-01,,,2009
2009-04-02,,,2009
2009-04-03,,,2009
2009-04-04,,,2009
2009-04-05,,,2009
2009-04-06,,,2009
2009-04-07,,,2009
2009-04-08,,,2009
2009-04-09,,,2009
2009-04-10,,,2009
2009-04-11,,,2009
2009-04-12,,,2009
2009-04-13,,,2009
2009-04-14,,,2009
2009-04-15,,,2009
2009-04-16,,,2009
2009-04-17,17.797916666666662,13.452083333333333,2009
2009-04-18,,,2009
2009-04-19,,,2009
2009-04-20,,,2009
2009-04-21,,,2009
2009-04-22,,,2009
2009-04-23,,,2009
2009-04-24,,,2009
2009-04-25,,,2009
2009-04-26,,,2009
2009-04-27,,,2009
2009-04-28,,,2009
2009-04-29,,,2009
2009-04-30,20.364583333333325,16.943791666666673,2009
2009-05-01,,,2009
2009-05-02,,,2009
2009-05-03,,,2009
2009-05-04,,,2009
2009-05-05,17.42083333333333,16.649812500000003,2009
2009-05-06,,,2009
2009-05-07,,,2009
2009-05-08,,,2009
2009-05-09,,,2009
2009-05-10,,,2009
2009-05-11,,,2009
2009-05-12,,,2009
2009-05-13,,,2009
2009-05-14,,,2009
2009-05-15,,,2009
2009-05-16,,,2009
2009-05-17,,,2009
2009-05-18,13.17708333333333,14.308770833333334,2009
2009-05-19,,,2009
2009-05-20,,,2009
2009-05-21,,,2009
2009-05-22,,,2009
2009-05-23,22.81041666666667,18.644375,2009
2009-05-24,21.66875,18.798125000000002,2009
2009-05-25,21.349999999999998,19.32979166666666,2009
2009-05-26,20.98333333333333,19.122083333333332,2009
2009-05-27,21.197916666666668,19.427916666666665,2009
2009-05-28,21.045833333333338,19.41354166666667,2009
2009-05-29,19.645833333333332,18.92083333333333,2009
2009-05-30,20.98127083333333,18.782708333333336,2009
2009-05-31,23.404166666666672,19.564375,2009
2009-06-01,23.84375,19.477500000000003,2009
2009-06-02,25.69791666666667,20.210624999999997,2009
2009-06-03,,,2009
2009-06-04,,,2009
2009-06-05,16.95221739130435,18.085652173913044,2009
2009-06-06,,,2009
2009-06-07,,,2009
2009-06-08,,,2009
2009-06-09,,,2009
2009-06-10,,,2009
2009-06-11,,,2009
2009-06-12,,,2009
2009-06-13,,,2009
2009-06-14,,,2009
2009-06-15,,,2009
2009-06-16,,,2009
2009-06-17,,,2009
2009-06-18,,,2009
2009-06-19,,,2009
2009-06-20,,,2009
2009-06-21,,,2009
2009-06-22,,,2009
2009-06-23,,,2009
2009-06-24,,,2009
2009-06-25,26.162499999999994,22.413125000000004,2009
2009-06-26,25.722916666666663,22.73604166666666,2009
2009-06-27,27.560416666666672,23.45916666666666,2009
2009-06-28,25.281250000000004,23.04854166666666,2009
2009-06-29,23.902083333333334,21.799375,2009
2009-06-30,24.09375000000001,21.397083333333338,2009
2009-07-01,21.28333333333333,20.58291666666667,2009
2009-07-02,21.61458333333334,20.62958333333333,2009
2009-07-03,21.629166666666674,20.2475,2009
2009-07-04,22.74791666666667,20.527708333333333,2009
2009-07-05,21.020833333333332,20.57395833333333,2009
2009-07-06,22.1875,21.073333333333334,2009
2009-07-07,23.831249999999997,21.261250000000004,2009
2009-07-08,23.068749999999998,21.101666666666667,2009
2009-07-09,23.52291666666667,21.481666666666666,2009
2009-07-10,23.789583333333326,21.611250000000002,2009
2009-07-11,24.529166666666665,21.961875000000003,2009
2009-07-12,23.76666666666667,22.261250000000008,2009
2009-07-13,22.643749999999997,21.469583333333336,2009
2009-07-14,24.1875,21.594375,2009
2009-07-15,24.191666666666666,22.000625,2009
2009-07-16,23.7,22.413958333333337,2009
2009-07-17,23.162499999999998,22.25666666666666,2009
2009-07-18,18.912520833333332,19.733125,2009
2009-07-19,18.708354166666666,18.991249999999994,2009
2009-07-20,20.2791875,19.216874999999998,2009
2009-07-21,22.152083333333334,20.016250000000007,2009
2009-07-22,22.1375,20.249791666666667,2009
2009-07-23,22.383333333333336,20.663124999999997,2009
2009-07-24,23.597916666666674,20.838125,2009
2009-07-25,25.32708333333333,21.804791666666663,2009
2009-07-26,23.222916666666666,21.39458333333333,2009
2009-07-27,24.441666666666663,21.803958333333338,2009
2009-07-28,22.55624999999999,21.645416666666666,2009
2009-07-29,22.662499999999998,21.709166666666665,2009
2009-07-30,22.689583333333342,21.973541666666666,2009
2009-07-31,23.81041666666667,22.36104166666667,2009
2009-08-01,24.05416666666666,22.490000000000006,2009
2009-08-02,23.15833333333332,22.131458333333327,2009
2009-08-03,24.022916666666674,21.574375,2009
2009-08-04,22.99791666666667,21.504791666666673,2009
2009-08-05,22.108333333333338,21.143958333333327,2009
2009-08-06,24.193749999999998,21.796666666666663,2009
2009-08-07,25.15833333333333,22.147499999999994,2009
2009-08-08,26.312499999999996,22.81916666666666,2009
2009-08-09,27.306250000000002,23.558749999999993,2009
2009-08-10,27.06041666666667,24.066875,2009
2009-08-11,24.141666666666666,23.236874999999998,2009
2009-08-12,23.48125,22.715416666666655,2009
2009-08-13,24.38333333333333,22.499999999999996,2009
2009-08-14,25.762500000000006,22.91520833333333,2009
2009-08-15,26.218750000000004,23.31583333333333,2009
2009-08-16,25.322916666666668,23.195208333333326,2009
2009-08-17,24.712500000000002,23.08645833333334,2009
2009-08-18,23.858333333333324,22.890833333333337,2009
2009-08-19,23.433333333333337,22.926666666666662,2009
2009-08-20,22.774999999999995,22.35270833333334,2009
2009-08-21,23.004166666666663,22.520208333333333,2009
2009-08-22,21.922916666666666,21.493958333333335,2009
2009-08-23,19.58958333333334,19.995625000000004,2009
2009-08-24,21.845833333333335,20.767916666666665,2009
2009-08-25,24.154166666666665,21.682916666666667,2009
2009-08-26,25.122916666666665,22.22500000000001,2009
2009-08-27,21.822916666666668,21.47541666666667,2009
2009-08-28,21.512500000000003,21.22729166666667,2009
2009-08-29,22.112499999999997,21.494375,2009
2009-08-30,21.635416666666668,21.079375000000002,2009
2009-08-31,20.37083333333333,19.955833333333334,2009
2009-09-01,20.816666666666666,20.1375,2009
2009-09-02,20.03958333333333,20.146875000000005,2009
2009-09-03,20.55416666666667,20.119583333333342,2009
2009-09-04,22.86458333333333,20.918541666666673,2009
2009-09-05,22.88541666666667,21.071458333333336,2009
2009-09-06,21.912499999999998,21.241250000000008,2009
2009-09-07,21.61666666666667,21.188333333333333,2009
2009-09-08,21.08541666666667,20.857916666666664,2009
2009-09-09,21.875,20.99375,2009
2009-09-10,20.891666666666673,20.672916666666662,2009
2009-09-11,20.96875,20.57770833333333,2009
2009-09-12,21.06666666666667,20.688750000000002,2009
2009-09-13,21.252083333333335,20.271041666666672,2009
2009-09-14,22.63333333333333,20.855416666666674,2009
2009-09-15,21.229166666666668,20.909583333333337,2009
2009-09-16,20.175,20.260416666666657,2009
2009-09-17,20.735416666666662,20.631249999999994,2009
2009-09-18,21.802083333333332,21.234375000000004,2009
2009-09-19,20.87916666666667,20.872708333333335,2009
2009-09-20,20.61666666666667,20.7,2009
2009-09-21,20.64375,20.689583333333335,2009
2009-09-22,22.83125,21.437916666666666,2009
2009-09-23,23.935416666666665,22.048333333333332,2009
2009-09-24,24.575000000000003,22.52208333333334,2009
2009-09-25,23.414583333333336,22.323125,2009
2009-09-26,19.56041666666667,20.373958333333338,2009
2009-09-27,18.789583333333336,19.191458333333333,2009
2009-09-28,18.0875,17.880645833333332,2009
2009-09-29,13.881270833333334,15.630229166666666,2009
2009-09-30,13.600020833333332,15.482916666666673,2009
2009-10-01,14.979187500000007,15.527333333333331,2009
2009-10-02,16.689604166666665,16.390937499999996,2009
2009-10-03,16.1375,15.602083333333333,2009
2009-10-04,13.525,14.736041666666667,2009
2009-10-05,14.79585416666667,15.362937499999996,2009
2009-10-06,16.75,16.724041666666665,2009
2009-10-07,17.058374999999995,16.910854166666663,2009
2009-10-08,16.343749999999996,15.825020833333335,2009
2009-10-09,20.43125,18.268749999999997,2009
2009-10-10,14.487500000000004,16.50047916666667,2009
2009-10-11,13.79585416666666,15.560229166666664,2009
2009-10-12,13.793749999999996,15.239166666666671,2009
2009-10-13,16.795833333333334,16.722937500000004,2009
2009-10-14,15.10431914893617,16.168617021276596,2009
2009-10-15,13.818750000000001,15.543812500000001,2009
2009-10-16,9.004166666666668,12.985,2009
2009-10-17,5.949999999999999,10.913749999999999,2009
2009-10-18,6.385416666666665,9.779375,2009
2009-10-19,8.535416666666668,10.129791666666668,2009
2009-10-20,12.220854166666669,11.498541666666666,2009
2009-10-21,14.131270833333332,12.651249999999997,2009
2009-10-22,16.375,13.970416666666674,2009
2009-10-23,18.535416666666666,15.716687500000004,2009
2009-10-24,11.28333333333333,13.744208333333333,2009
2009-10-25,10.606250000000001,12.100208333333333,2009
2009-10-26,12.806249999999997,12.683541666666668,2009
2009-10-27,12.027083333333335,13.083125,2009
2009-10-28,15.522916666666669,14.415416666666665,2009
2009-10-29,15.285416666666672,14.45189583333333,2009
2009-10-30,18.375062500000002,15.537187500000003,2009
2009-10-31,12.543749999999996,14.61316666666667,2009
2009-11-01,9.931249999999999,12.845208333333332,2009
2009-11-02,12.158333333333333,12.724583333333333,2009
2009-11-03,12.789583333333335,12.816458333333335,2009
2009-11-04,11.9729375,12.010208333333333,2009
2009-11-05,11.450000000000001,11.940416666666671,2009
2009-11-06,11.222916666666668,11.369166666666665,2009
2009-11-07,13.870833333333335,11.936458333333334,2009
2009-11-08,17.170833333333338,12.667708333333335,2009
2009-11-09,15.597916666666668,12.921041666666666,2009
2009-11-10,12.452083333333329,12.62770833333333,2009
2009-11-11,12.722916666666665,12.68104166666667,2009
2009-11-12,11.579166666666667,12.212083333333334,2009
2009-11-13,13.262499999999998,12.015208333333334,2009
2009-11-14,16.127083333333335,12.727083333333338,2009
2009-11-15,16.456249999999997,12.966041666666664,2009
2009-11-16,14.854166666666666,12.69,2009
2009-11-17,14.331249999999999,12.917708333333337,2009
2009-11-18,8.629166666666666,12.218958333333335,2009
2009-11-19,9.218750000000002,11.636875000000003,2009
2009-11-20,10.218750000000002,10.93666666666667,2009
2009-11-21,11.78541666666667,11.35354166666667,2009
2009-11-22,9.070833333333331,10.799791666666666,2009
2009-11-23,10.406249999999996,11.711458333333335,2009
2009-11-24,11.247916666666663,11.992083333333333,2009
2009-11-25,11.481250000000001,11.843541666666665,2009
2009-11-26,6.506250000000001,9.796249999999999,2009
2009-11-27,5.745833333333334,8.744583333333333,2009
2009-11-28,8.891666666666667,8.716249999999999,2009
2009-11-29,11.166666666666663,9.936041666666666,2009
2009-11-30,8.418750000000001,10.042083333333332,2009
2009-12-01,5.3999999999999995,8.465,2009
2009-12-02,9.222916666666668,9.17625,2009
2009-12-03,4.716666666666666,8.631666666666666,2009
2009-12-04,2.6125000000000007,7.783958333333332,2009
2009-12-05,-0.16041666666666668,6.074583333333333,2009
2009-12-06,-0.5291666666666667,5.1239583333333325,2009
2009-12-07,2.7208333333333328,6.184791666666666,2009
2009-12-08,5.320833333333333,7.120000000000001,2009
2009-12-09,9.908333333333337,8.313125,2009
2009-12-10,-1.5687500000000003,4.8427083333333325,2009
2009-12-11,-2.7812499999999996,3.209999999999999,2009
2009-12-12,-0.9479166666666661,3.5081249999999993,2009
2009-12-13,4.641666666666667,4.96,2009
2009-12-14,9.820833333333336,7.979791666666666,2009
2009-12-15,8.99375,8.691666666666666,2009
2009-12-16,1.6916666666666662,5.4920833333333325,2009
2009-12-17,4.06875,5.329791666666667,2009
2009-12-18,2.954166666666669,4.956666666666666,2009
2009-12-19,1.8041666666666663,4.99875,2009
2009-12-20,0.19166666666666668,4.337916666666666,2009
2009-12-21,1.8604166666666666,4.333125,2009
2009-12-22,5.020833333333331,4.762083333333334,2009
2009-12-23,7.029166666666666,6.169375,2009
2009-12-24,9.002083333333337,7.194999999999998,2009
2009-12-25,7.218750000000001,7.605624999999999,2009
2009-12-26,1.3041666666666665,4.581041666666667,2009
2009-12-27,3.8833333333333333,4.786875000000001,2009
2009-12-28,-1.1979166666666672,3.805624999999999,2009
2009-12-29,-0.22708333333333305,3.3120833333333337,2009
2009-12-30,3.179166666666667,4.168333333333333,2009
2009-12-31,3.3333333333333335,5.023541666666666,2009
2010-01-01,,,2010
2010-01-02,,,2010
2010-01-03,,,2010
2010-01-04,,,2010
2010-01-05,,,2010
2010-01-06,,,2010
2010-01-07,,,2010
2010-01-08,,,2010
2010-01-09,,,2010
2010-01-10,-5.625000000000001,-0.19250000000000003,2010
2010-01-11,-3.9916666666666654,-0.2414583333333333,2010
2010-01-12,-2.53125,0.3168750000000001,2010
2010-01-13,-1.158333333333333,0.16166666666666668,2010
2010-01-14,3.4708333333333328,0.5410416666666668,2010
2010-01-15,7.245833333333333,2.1906250000000003,2010
2010-01-16,7.712499999999999,3.5920833333333335,2010
2010-01-17,8.31875,5.956875,2010
2010-01-18,9.031250000000002,5.624374999999998,2010
2010-01-19,10.660416666666665,6.5625,2010
2010-01-20,10.572916666666666,7.827291666666665,2010
2010-01-21,10.439583333333333,8.763125,2010
2010-01-22,7.568750000000001,8.239166666666668,2010
2010-01-23,8.666666666666666,8.565624999999999,2010
2010-01-24,9.8375,8.675833333333332,2010
2010-01-25,4.8500000000000005,6.921458333333335,2010
2010-01-26,-0.3249999999999999,4.042083333333333,2010
2010-01-27,0.7437500000000002,3.8710416666666663,2010
2010-01-28,4.9416666666666655,5.278958333333333,2010
2010-01-29,-1.570833333333333,3.568333333333332,2010
2010-01-30,-1.9833333333333334,2.976666666666668,2010
2010-01-31,-2.8562500000000006,2.8552083333333336,2010
2010-02-01,0.47708333333333336,2.303958333333334,2010
2010-02-02,2.1770833333333326,2.1495833333333336,2010
2010-02-03,2.1458333333333335,2.865208333333334,2010
2010-02-04,1.0562499999999997,2.959166666666667,2010
2010-02-05,3.847916666666667,4.176666666666667,2010
2010-02-06,1.2124999999999997,3.626666666666667,2010
2010-02-07,-1.3125000000000002,2.669583333333333,2010
2010-02-08,0.5854166666666666,3.1752083333333334,2010
2010-02-09,2.3895833333333334,3.694791666666666,2010
2010-02-10,-4.574999999999998,1.149583333333333,2010
2010-02-11,-2.00625,1.694375,2010
2010-02-12,-2.452083333333334,1.4702083333333331,2010
2010-02-13,-2.333333333333334,1.2227083333333333,2010
2010-02-14,-0.6354166666666664,1.9131250000000006,2010
2010-02-15,-3.1979166666666665,1.7716666666666667,2010
2010-02-16,,,2010
2010-02-17,-2.9562500000000003,0.86125,2010
2010-02-18,1.3541666666666667,2.1477083333333327,2010
2010-02-19,4.956250000000001,2.989166666666667,2010
2010-02-20,7.866666666666666,3.924166666666666,2010
2010-02-21,10.891666666666666,5.218333333333335,2010
2010-02-22,8.65,6.8197916666666645,2010
2010-02-23,3.3395833333333336,5.310208333333333,2010
2010-02-24,-0.05208333333333304,3.8887500000000004,2010
2010-02-25,-3.2624999999999993,1.890625,2010
2010-02-26,-0.11875000000000006,1.9539583333333337,2010
2010-02-27,1.0020833333333332,2.5658333333333325,2010
2010-02-28,0.5020833333333333,2.960208333333334,2010
2010-03-01,2.5916666666666663,3.716041666666667,2010
2010-03-02,1.5541666666666674,3.0506250000000006,2010
2010-03-03,-0.575,2.6183333333333336,2010
2010-03-04,3.0937500000000004,3.5620833333333337,2010
2010-03-05,3.891666666666666,3.4477083333333347,2010
2010-03-06,6.175000000000002,4.20875,2010
2010-03-07,8.131250000000001,4.829583333333333,2010
2010-03-08,13.270854166666668,7.152708333333332,2010
2010-03-09,14.452104166666674,8.008124999999998,2010
2010-03-10,13.270833333333337,8.790416666666665,2010
2010-03-11,11.537499999999996,8.686875000000002,2010
2010-03-12,11.193750000000003,8.824791666666668,2010
2010-03-13,7.0854166666666645,7.886041666666667,2010
2010-03-14,5.639583333333334,7.356041666666666,2010
2010-03-15,6.120833333333333,7.274791666666669,2010
2010-03-16,6.918750000000002,7.3075,2010
2010-03-17,8.164583333333335,7.362291666666665,2010
2010-03-18,12.150020833333336,8.915208333333334,2010
2010-03-19,15.172916666666667,9.413541666666667,2010
2010-03-20,15.793749999999998,10.236458333333333,2010
2010-03-21,12.614583333333336,9.595416666666667,2010
2010-03-22,3.1999999999999993,7.467708333333334,2010
2010-03-23,8.931250000000002,8.571250000000001,2010
2010-03-24,15.637499999999994,10.290416666666664,2010
2010-03-25,12.164604166666663,9.985833333333334,2010
2010-03-26,6.164583333333332,8.856041666666668,2010
2010-03-27,9.181270833333334,9.013958333333333,2010
2010-03-28,12.320833333333338,10.350833333333332,2010
2010-03-29,8.0625,9.649166666666668,2010
2010-03-30,10.835416666666665,10.359375000000002,2010
2010-03-31,15.947937499999997,11.234187500000003,2010
2010-04-01,20.693749999999998,12.968354166666666,2010
2010-04-02,22.902083333333334,14.238958333333334,2010
2010-04-03,20.266666666666662,14.33979166666667,2010
2010-04-04,20.3854375,14.314583333333331,2010
2010-04-05,23.212500000000002,16.217124999999996,2010
2010-04-06,23.61458333333333,16.6810625,2010
2010-04-07,20.75714285714286,14.905714285714286,2010
2010-04-08,13.368571428571428,14.343142857142853,2010
2010-04-09,12.050041666666667,12.533583333333338,2010
2010-04-10,15.368749999999999,13.173750000000004,2010
2010-04-11,18.44166666666667,14.11458333333333,2010
2010-04-12,20.327104166666658,14.81833333333333,2010
2010-04-13,21.891666666666666,15.631875,2010
2010-04-14,22.97916666666666,16.28379166666667,2010
2010-04-15,21.575041666666667,16.716062500000007,2010
2010-04-16,22.262499999999992,16.7223125,2010
2010-04-17,17.35004166666667,15.760854166666666,2010
2010-04-18,12.883354166666663,13.731249999999998,2010
2010-04-19,14.722958333333333,13.658958333333329,2010
2010-04-20,11.793750000000001,12.874375000000002,2010
2010-04-21,13.820854166666663,13.44729166666667,2010
2010-04-22,16.347916666666674,14.015645833333336,2010
2010-04-23,20.400000000000002,15.680875000000007,2010
2010-04-24,17.408354166666662,15.627520833333335,2010
2010-04-25,19.033375000000003,16.316312499999995,2010
2010-04-26,13.00208333333333,14.134375000000006,2010
2010-04-27,10.177083333333334,12.777291666666668,2010
2010-04-28,11.962541666666668,12.508125,2010
2010-04-29,15.506250000000001,13.626687500000001,2010
2010-04-30,20.535416666666674,15.285416666666668,2010
2010-05-01,18.91875,16.10547916666666,2010
2010-05-02,22.87708333333333,18.053791666666662,2010
2010-05-03,21.693750000000005,19.14145833333333,2010
2010-05-04,22.318750000000005,18.21395833333334,2010
2010-05-05,22.88124999999999,18.273541666666667,2010
2010-05-06,23.599999999999998,18.731041666666663,2010
2010-05-07,24.037499999999998,19.29041666666667,2010
2010-05-08,16.62916666666666,17.05460416666666,2010
2010-05-09,11.75625,14.508958333333334,2010
2010-05-10,11.472916666666663,13.878124999999999,2010
2010-05-11,16.68127083333334,15.05820833333334,2010
2010-05-12,21.84374999999999,17.209833333333343,2010
2010-05-13,23.791666666666668,18.329375000000002,2010
2010-05-14,22.85208333333333,18.816041666666667,2010
2010-05-15,20.527104166666664,18.39583333333334,2010
2010-05-16,18.927083333333332,18.032291666666662,2010
2010-05-17,19.916666666666668,18.28708333333333,2010
2010-05-18,17.106270833333337,17.27275,2010
2010-05-19,16.0125,16.207125,2010
2010-05-20,18.679166666666664,16.85916666666667,2010
2010-05-21,19.960416666666664,17.78916666666667,2010
2010-05-22,22.168750000000003,18.568125,2010
2010-05-23,24.42291666666667,19.366458333333327,2010
2010-05-24,23.856249999999992,19.65020833333333,2010
2010-05-25,21.92083333333333,19.27875,2010
2010-05-26,22.35625,19.198541666666674,2010
2010-05-27,23.941666666666663,19.759583333333335,2010
2010-05-28,21.575,19.52208333333333,2010
2010-05-29,21.733333333333338,19.497083333333332,2010
2010-05-30,22.700000000000003,19.96604166666667,2010
2010-05-31,21.69791666666666,20.095416666666665,2010
2010-06-01,21.685416666666665,20.195,2010
2010-06-02,22.789583333333336,20.715625,2010
2010-06-03,23.783333333333328,20.834999999999997,2010
2010-06-04,24.041666666666668,21.084583333333335,2010
2010-06-05,23.760416666666668,21.168541666666663,2010
2010-06-06,22.972916666666674,20.873958333333338,2010
2010-06-07,22.51875,19.971250000000005,2010
2010-06-08,23.281249999999996,20.288125000000004,2010
2010-06-09,21.36666666666667,20.13145833333333,2010
2010-06-10,22.2625,20.63208333333333,2010
2010-06-11,24.372916666666672,21.551458333333333,2010
2010-06-12,26.212500000000016,22.44333333333333,2010
2010-06-13,27.650000000000002,23.316875,2010
2010-06-14,25.712500000000006,22.847916666666666,2010
2010-06-15,23.835416666666664,21.99791666666667,2010
2010-06-16,24.345833333333342,22.23958333333333,2010
2010-06-17,26.08333333333333,22.678750000000004,2010
2010-06-18,26.189583333333328,22.595208333333332,2010
2010-06-19,24.79545454545455,22.33590909090909,2010
2010-06-20,26.51555555555555,22.88533333333333,2010
2010-06-21,27.100041666666673,23.157291666666666,2010
2010-06-22,26.689583333333328,23.079375000000002,2010
2010-06-23,27.975000000000005,23.88020833333334,2010
2010-06-24,26.141666666666655,23.563333333333336,2010
2010-06-25,26.60416666666667,23.615833333333327,2010
2010-06-26,26.779166666666665,23.798541666666665,2010
2010-06-27,27.004166666666666,23.987708333333334,2010
2010-06-28,25.76666666666667,23.732708333333335,2010
2010-06-29,24.868750000000002,23.006875000000004,2010
2010-06-30,23.920833333333338,22.319375000000004,2010
2010-07-01,22.783333333333335,21.526875,2010
2010-07-02,23.213636363636365,21.14772727272727,2010
2010-07-03,24.955319148936166,22.294255319148938,2010
2010-07-04,25.902173913043473,22.583695652173922,2010
2010-07-05,26.80208333333334,23.00666666666667,2010
2010-07-06,28.018750000000008,23.467708333333334,2010
2010-07-07,28.770854166666666,23.96875,2010
2010-07-08,29.566687499999997,24.606875000000002,2010
2010-07-09,25.127083333333335,23.43291666666666,2010
2010-07-10,25.397916666666656,23.338333333333328,2010
2010-07-11,26.78124999999999,23.500625000000003,2010
2010-07-12,23.754166666666674,22.77624999999999,2010
2010-07-13,23.218750000000004,22.690208333333327,2010
2010-07-14,25.408333333333342,23.49333333333333,2010
2010-07-15,27.539625,23.923333333333336,2010
2010-07-16,27.712500000000006,24.264374999999998,2010
2010-07-17,25.075000000000006,23.565624999999997,2010
2010-07-18,25.39583333333334,23.793749999999992,2010
2010-07-19,23.612499999999997,23.128958333333333,2010
2010-07-20,25.07291666666667,23.332916666666666,2010
2010-07-21,25.99374999999999,24.227291666666655,2010
2010-07-22,25.402083333333326,23.751666666666665,2010
2010-07-23,28.549999999999994,24.896875000000005,2010
2010-07-24,29.370875,25.388333333333335,2010
2010-07-25,29.033374999999996,25.613124999999997,2010
2010-07-26,27.468965517241376,24.984482758620697,2010
2010-07-27,24.88125000000001,23.915416666666662,2010
2010-07-28,25.733333333333334,24.22833333333334,2010
2010-07-29,26.077083333333334,24.377499999999998,2010
2010-07-30,26.46875,24.382916666666663,2010
2010-07-31,23.76458333333333,23.063333333333322,2010
2010-08-01,26.95416666666667,24.473958333333332,2010
2010-08-02,26.90416666666667,24.78729166666666,2010
2010-08-03,27.695833333333326,25.027708333333337,2010
2010-08-04,29.120875,25.617500000000003,2010
2010-08-05,26.03958333333333,24.545625,2010
2010-08-06,25.22083333333333,23.954583333333336,2010
2010-08-07,25.77083333333334,23.642708333333328,2010
2010-08-08,26.86666666666667,23.921458333333337,2010
2010-08-09,28.64583333333333,24.987499999999997,2010
2010-08-10,29.23127083333333,25.745833333333337,2010
2010-08-11,29.127124999999992,25.90729166666667,2010
2010-08-12,25.956249999999997,24.533333333333335,2010
2010-08-13,28.583354166666663,25.44979166666667,2010
2010-08-14,27.46041666666666,25.149374999999996,2010
2010-08-15,28.033333333333335,25.392500000000002,2010
2010-08-16,26.13541666666666,24.76729166666666,2010
2010-08-17,24.758333333333336,24.150000000000002,2010
2010-08-18,23.74166666666666,23.57354166666666,2010
2010-08-19,24.76041666666666,23.72645833333333,2010
2010-08-20,25.616666666666664,23.94208333333333,2010
2010-08-21,25.21875,24.156875,2010
2010-08-22,25.847916666666663,24.318333333333328,2010
2010-08-23,24.704166666666662,23.41,2010
2010-08-24,23.27291666666666,22.482708333333335,2010
2010-08-25,22.820833333333336,22.038125000000004,2010
2010-08-26,23.779166666666665,22.351250000000004,2010
2010-08-27,24.614583333333332,22.513125,2010
2010-08-28,25.1125,22.990624999999998,2010
2010-08-29,24.453124999999996,22.8165625,2010
2010-08-30,26.07708333333333,23.296666666666667,2010
2010-08-31,25.712499999999995,22.885208333333328,2010
2010-09-01,25.897916666666664,22.946250000000003,2010
2010-09-02,26.36458333333333,23.203541666666677,2010
2010-09-03,24.350000000000005,22.593124999999997,2010
2010-09-04,19.51666666666667,19.732499999999998,2010
2010-09-05,20.139583333333334,19.435416666666665,2010
2010-09-06,22.629208333333334,20.547083333333333,2010
2010-09-07,23.86428571428571,20.966785714285717,2010
2010-09-08,23.90625,22.301666666666666,2010
2010-09-09,21.706249999999997,20.71229166666667,2010
2010-09-10,20.327083333333334,20.29083333333334,2010
2010-09-11,20.493749999999995,20.31791666666667,2010
2010-09-12,21.968749999999996,20.717916666666667,2010
2010-09-13,21.518749999999994,19.843749999999996,2010
2010-09-14,23.78333333333333,20.528958333333335,2010
2010-09-15,24.575,21.288333333333338,2010
2010-09-16,23.68958333333333,21.357291666666665,2010
2010-09-17,23.235416666666662,21.76666666666667,2010
2010-09-18,23.420833333333338,21.222083333333334,2010
2010-09-19,25.54791666666668,21.885833333333334,2010
2010-09-20,25.031250000000004,21.99625,2010
2010-09-21,25.94585416666666,22.38895833333333,2010
2010-09-22,25.806249999999995,22.59041666666667,2010
2010-09-23,26.77142857142856,22.96952380952381,2010
2010-09-24,25.931250000000002,22.693749999999998,2010
2010-09-25,22.656250000000004,21.801041666666674,2010
2010-09-26,17.8875,19.239166666666666,2010
2010-09-27,15.116687499999998,17.452937499999997,2010
2010-09-28,13.049999999999999,15.972583333333333,2010
2010-09-29,18.35416666666667,17.693354166666666,2010
2010-09-30,19.712499999999995,18.372083333333336,2010
2010-10-01,17.997916666666665,17.264583333333334,2010
2010-10-02,16.78541666666667,16.396458333333335,2010
2010-10-03,11.129166666666665,14.27958333333333,2010
2010-10-04,10.120833333333335,13.059166666666664,2010
2010-10-05,12.193749999999996,13.029791666666666,2010
2010-10-06,14.606249999999998,13.662937499999993,2010
2010-10-07,18.56666666666666,15.738145833333334,2010
2010-10-08,20.51666666666667,17.0956875,2010
2010-10-09,20.21666666666667,17.266270833333333,2010
2010-10-10,20.695833333333333,17.651041666666668,2010
2010-10-11,21.683333333333326,18.347708333333333,2010
2010-10-12,18.024999999999995,17.09089583333333,2010
2010-10-13,17.73960416666667,16.839062499999997,2010
2010-10-14,14.954166666666667,15.362791666666668,2010
2010-10-15,13.885437500000004,13.7125,2010
2010-10-16,15.241666666666665,14.134812500000002,2010
2010-10-17,16.639583333333338,14.736708333333333,2010
2010-10-18,17.3354375,15.559812500000001,2010
2010-10-19,17.83333333333334,16.166500000000003,2010
2010-10-20,15.39377083333333,15.335000000000003,2010
2010-10-21,16.416708333333336,14.484833333333333,2010
2010-10-22,15.541666666666666,14.372145833333336,2010
2010-10-23,16.258333333333333,14.632083333333334,2010
2010-10-24,18.94583333333333,16.17229166666666,2010
2010-10-25,16.83752083333333,16.397333333333332,2010
2010-10-26,20.454187499999996,17.547104166666664,2010
2010-10-27,15.108333333333329,15.865416666666667,2010
2010-10-28,15.872916666666661,16.102729166666663,2010
2010-10-29,9.377083333333333,13.638333333333334,2010
2010-10-30,11.931249999999999,13.227500000000004,2010
2010-10-31,15.310416666666667,14.032312499999998,2010
2010-11-01,14.893770833333328,14.225895833333333,2010
2010-11-02,14.317525,14.188499999999996,2010
2010-11-03,11.958695652173914,14.079782608695654,2010
2010-11-04,9.066666666666663,12.787083333333335,2010
2010-11-05,5.152083333333333,11.019583333333337,2010
2010-11-06,3.158333333333333,9.76,2010
2010-11-07,5.704166666666667,9.754791666666668,2010
2010-11-08,11.195874999999996,10.712083333333332,2010
2010-11-09,14.677083333333334,11.60875,2010
2010-11-10,15.404187499999999,12.21,2010
2010-11-11,16.552083333333336,12.719375,2010
2010-11-12,15.552104166666664,12.668124999999996,2010
2010-11-13,14.397916666666667,12.594583333333327,2010
2010-11-14,10.475000000000001,12.122708333333334,2010
2010-11-15,8.604166666666666,11.358541666666667,2010
2010-11-16,11.260416666666666,12.010833333333332,2010
2010-11-17,8.80625,11.384999999999996,2010
2010-11-18,9.968750000000002,11.401041666666666,2010
2010-11-19,10.243750000000004,11.304375,2010
2010-11-20,12.554166666666669,11.74083333333333,2010
2010-11-21,14.575020833333328,12.390416666666667,2010
2010-11-22,16.7041875,13.292291666666666,2010
2010-11-23,14.32085416666667,13.392916666666665,2010
2010-11-24,10.272916666666669,12.02208333333333,2010
2010-11-25,16.300020833333335,14.174833333333337,2010
2010-11-26,4.433333333333333,11.03875,2010
2010-11-27,2.702083333333333,8.391666666666664,2010
2010-11-28,5.054166666666666,8.431458333333332,2010
2010-11-29,7.031250000000001,8.960000000000003,2010
2010-11-30,11.087520833333334,11.460625,2010
2010-12-01,1.3187499999999999,7.336666666666667,2010
2010-12-02,0.9625,6.3047916666666675,2010
2010-12-03,5.085416666666666,7.4866666666666655,2010
2010-12-04,3.1666666666666656,7.012083333333332,2010
2010-12-05,-0.7416666666666667,5.517708333333335,2010
2010-12-06,-4.283333333333333,3.6704166666666658,2010
2010-12-07,-5.479166666666667,2.827916666666667,2010
2010-12-08,-4.406249999999999,2.349791666666667,2010
2010-12-09,-0.6437499999999997,3.1245833333333337,2010
2010-12-10,4.139583333333334,4.7683333333333335,2010
2010-12-11,6.618749999999999,6.540833333333333,2010
2010-12-12,-1.9208333333333332,4.281458333333335,2010
2010-12-13,-8.81666666666667,3.7356250000000006,2010
2010-12-14,-7.8978260869565196,3.3065217391304347,2010
2010-12-15,-5.860416666666667,3.060833333333333,2010
2010-12-16,1.1083333333333332,3.478958333333333,2010
2010-12-17,0.09583333333333334,4.181041666666666,2010
2010-12-18,-0.49999999999999994,4.126458333333332,2010
2010-12-19,-1.6125000000000005,2.9564583333333334,2010
2010-12-20,0.16666666666666685,3.731666666666666,2010
2010-12-21,1.8895833333333332,4.621875,2010
2010-12-22,3.258333333333333,5.401249999999997,2010
2010-12-23,-1.1083333333333332,3.7012499999999995,2010
2010-12-24,-0.16874999999999984,3.792291666666667,2010
2010-12-25,-0.7666666666666666,3.7210416666666677,2010
2010-12-26,-3.8333333333333335,2.6777083333333334,2010
2010-12-27,-3.19375,2.0933333333333337,2010
2010-12-28,-1.8812499999999999,1.7108333333333328,2010
2010-12-29,-0.30833333333333335,2.5664583333333337,2010
2010-12-30,5.341666666666666,4.935208333333333,2010
2010-12-31,10.366666666666669,6.776458333333333,2010
